type,provider,item,scope,price_min_czk,price_max_czk,unit,includes,excludes,verified_at,source_url,note
market_range,RealFree,Renovace stávající kuchyně,nová dvířka + pracovní deska bez změny dispozice,70000,100000,projekt,"renovace stávající linky","kompletní nová linka; rozsáhlé rozvody",2026-08-19,https://realfree.cz/blog/rekonstrukce-kuchyne-2026,"Veřejná orientace pro ČR; sekundární zdroj."
market_range,RealFree,Kompletní rekonstrukce,nová linka + spotřebiče + podlaha + obklady + elektro + voda,250000,400000,projekt,"kompletní rekonstrukce dle popisu zdroje","individuální nadstandard a atypické práce",2026-08-19,https://realfree.cz/blog/rekonstrukce-kuchyne-2026,"Veřejná orientace pro ČR; sekundární zdroj."
market_range,NejŘemeslníci,Drobná úprava menší kuchyně,drobnější rekonstrukce,70000,100000,projekt,"orientační menší úprava","rozsah závisí na konkrétní zakázce",2026-08-19,https://www.nejremeslnici.cz/blog/kolik-stoji-rekonstrukce-kuchyne/,"Veřejná orientace 2026; sekundární zdroj."
market_range,NejŘemeslníci,Kompletní přestavba,nová linka + podlahy + obklady + spotřebiče,250000,400000,projekt,"kompletní rekonstrukce dle popisu zdroje","individuální atypy",2026-08-19,https://www.nejremeslnici.cz/blog/kolik-stoji-rekonstrukce-kuchyne/,"Veřejná orientace 2026; sekundární zdroj."
market_range,StavDAM,Kosmetická rekonstrukce Praha,nová linka + obklady + podlaha bez změny dispozice,80000,150000,projekt,"rozsah dle popisu zdroje","platí pro Prahu a Středočeský kraj; ověřit zda linka je v konkrétní nabídce",2026-08-19,https://stavdam.cz/blog/rekonstrukce-kuchyne-cena,"Regionální firemní reference; nepoužívá se jako celostátní ceník."
market_range,StavDAM,Střední rekonstrukce Praha,nové rozvody + nová linka + obklady,150000,280000,projekt,"rozsah dle popisu zdroje","platí pro Prahu a Středočeský kraj",2026-08-19,https://stavdam.cz/blog/rekonstrukce-kuchyne-cena,"Regionální firemní reference."
market_range,StavDAM,Kompletní přestavba Praha,změna dispozice + nové rozvody,280000,500000,projekt,"rozsah dle popisu zdroje","platí pro Prahu a Středočeský kraj; luxusní kuchyně může být výše",2026-08-19,https://stavdam.cz/blog/rekonstrukce-kuchyne-cena,"Regionální firemní reference."
product_reference,IKEA,METOD/VEDDINGE 170×60×227,hotová sestava skříněk a pracovní desky,14354,14354,kus,"skříňky; dvířka; zásuvky; pracovní deska; sokl; kování","dřez; sifon; baterie; úchytky; spotřebiče; osvětlení; montáž",2026-08-19,https://www.ikea.com/cz/cs/p/metod-kuchyne-bila-veddinge-bila-s09614919/,"Konkrétní veřejný výrobek; není cenou celé rekonstrukce."
product_reference,IKEA,METOD/VEDDINGE 186×60×227,hotová sestava skříněk a pracovní desky,18845,18845,kus,"skříňky; dvířka; zásuvky; pracovní deska; kování","dřez; sifon; baterie; úchytky; spotřebiče; osvětlení; montáž",2026-08-19,https://www.ikea.com/cz/cs/p/metod-kuchyne-bila-veddinge-bila-s79615760/,"Konkrétní veřejný výrobek."
product_reference,IKEA,METOD/VEDDINGE 210×60×227,hotová sestava skříněk a pracovní desky,17480,17480,kus,"skříňky; dvířka; zásuvky; pracovní deska; kování","dřez; sifon; baterie; úchytky; spotřebiče; osvětlení; montáž",2026-08-19,https://www.ikea.com/cz/cs/p/metod-kuchyne-bila-veddinge-bila-s69614916/,"Konkrétní veřejný výrobek."
product_reference,IKEA,METOD/VEDDINGE 230×60×227,hotová sestava skříněk a pracovní desky,20870,20870,kus,"skříňky; dvířka; zásuvky; pracovní deska; kování","dřez; sifon; baterie; úchytky; spotřebiče; osvětlení; montáž",2026-08-19,https://www.ikea.com/cz/cs/p/metod-kuchyne-bila-veddinge-bila-s89610205/,"Konkrétní veřejný výrobek."
product_reference,IKEA,METOD/VEDDINGE 246×60×207,hotová sestava skříněk a pracovní desky,18380,18380,kus,"skříňky; dvířka; zásuvky; pracovní deska; kování","dřez; sifon; baterie; úchytky; spotřebiče; osvětlení; montáž",2026-08-19,https://www.ikea.com/cz/cs/p/metod-kuchyne-bila-veddinge-bila-s69614921/,"Konkrétní veřejný výrobek."
product_reference,IKEA,METOD/VEDDINGE 246×60×227,hotová sestava skříněk a pracovní desky,21790,21790,kus,"skříňky; dvířka; zásuvky; pracovní deska; kování","dřez; sifon; baterie; úchytky; spotřebiče; osvětlení; montáž",2026-08-19,https://www.ikea.com/cz/cs/p/metod-kuchyne-bila-veddinge-bila-s49614917/,"Konkrétní veřejný výrobek."
service_reference,IKEA,Základní instalace METOD,montáž a zavěšení skříněk + pracovní deska,1390,1390,skříňka,"montáž skříněk; pracovní deska","spotřebiče; osvětlení; dřez; baterie; doprava",2026-08-19,https://www.ikea.com/cz/cs/customer-service/services/installation/cenik-instalace-kuchyni-pubc9d37060/,"Veřejný ceník služby."
service_reference,IKEA,Kompletní instalace METOD,montáž + pracovní deska + vybraná připojení IKEA,1690,1690,skříňka,"montáž skříněk; pracovní deska; zapojení IKEA spotřebičů; osvětlení; dřez; baterie","doprava; atypické práce; nekompatibilní cizí spotřebiče",2026-08-19,https://www.ikea.com/cz/cs/customer-service/services/installation/cenik-instalace-kuchyni-pubc9d37060/,"Veřejný ceník služby."
service_reference,IKEA,Verifikace plánu,ověření návrhu před montáží,1490,1490,služba,"verifikace plánu","další práce",2026-08-19,https://www.ikea.com/cz/cs/customer-service/services/installation/cenik-instalace-kuchyni-pubc9d37060/,"Při nákupu kuchyně včetně instalace může být dle podmínek odečtena."
service_reference,IKEA,Demontáž staré kuchyně,demontáž kuchyňských skříněk,290,290,běžný metr,"demontáž","odpojení spotřebičů; odvoz",2026-08-19,https://www.ikea.com/cz/cs/customer-service/knowledge/articles/876f685g-886c-4eg3-gc48-2f3fe66465dg.html,"Služba navázaná na objednávku nové kuchyně IKEA."
service_reference,IKEA,Odvoz a likvidace staré kuchyně,odvoz + manipulace + ekologická likvidace,260,260,běžný metr,"odvoz; manipulace; likvidace","demontáž",2026-08-19,https://www.ikea.com/cz/cs/customer-service/knowledge/articles/876f685g-886c-4eg3-gc48-2f3fe66465dg.html,"Služba navázaná na objednávku nové kuchyně IKEA."
