pocatecni_investice_kc;horizont_roky;cisty_rocni_prinos_kc;celkove_nominalni_prijmy_kc;nominalni_cisty_zisk_kc;roi_za_obdobi_pct;pozadovana_vynosnost_pct_pa;soucasna_hodnota_budoucich_prinosu_kc;npv_kc;splnuje_pozadovany_vynos;interpretace;omezeni
250000;5;50000;250000.00;0.00;0.0000;0.00;250000.00;0.00;ano;Projekt vrátí nominálně 250 000 Kč za 5 let  tedy ROI 0.0 %. Při požadované výnosnosti 0 % p. a. vychází NPV 0 Kč.;Model používá stejný čistý roční přínos po dobu 5 let, nulovou zůstatkovou hodnotu, nulové dodatečné investice a nezahrnuje financování, daně ani rizikové pravděpodobnosti.
250000;5;50000;250000.00;0.00;0.0000;4.00;222591.12;-27408.88;ne;Projekt vrátí nominálně 250 000 Kč za 5 let  tedy ROI 0.0 %. Při požadované výnosnosti 4 % p. a. vychází NPV -27 409 Kč.;Model používá stejný čistý roční přínos po dobu 5 let, nulovou zůstatkovou hodnotu, nulové dodatečné investice a nezahrnuje financování, daně ani rizikové pravděpodobnosti.
250000;5;50000;250000.00;0.00;0.0000;8.00;199635.50;-50364.50;ne;Projekt vrátí nominálně 250 000 Kč za 5 let  tedy ROI 0.0 %. Při požadované výnosnosti 8 % p. a. vychází NPV -50 364 Kč.;Model používá stejný čistý roční přínos po dobu 5 let, nulovou zůstatkovou hodnotu, nulové dodatečné investice a nezahrnuje financování, daně ani rizikové pravděpodobnosti.
250000;5;50000;250000.00;0.00;0.0000;12.00;180238.81;-69761.19;ne;Projekt vrátí nominálně 250 000 Kč za 5 let  tedy ROI 0.0 %. Při požadované výnosnosti 12 % p. a. vychází NPV -69 761 Kč.;Model používá stejný čistý roční přínos po dobu 5 let, nulovou zůstatkovou hodnotu, nulové dodatečné investice a nezahrnuje financování, daně ani rizikové pravděpodobnosti.
250000;5;50000;250000.00;0.00;0.0000;16.00;163714.68;-86285.32;ne;Projekt vrátí nominálně 250 000 Kč za 5 let  tedy ROI 0.0 %. Při požadované výnosnosti 16 % p. a. vychází NPV -86 285 Kč.;Model používá stejný čistý roční přínos po dobu 5 let, nulovou zůstatkovou hodnotu, nulové dodatečné investice a nezahrnuje financování, daně ani rizikové pravděpodobnosti.
250000;5;60000;300000.00;50000.00;20.0000;0.00;300000.00;50000.00;ano;Projekt vrátí nominálně 300 000 Kč za 5 let  tedy ROI 20.0 %. Při požadované výnosnosti 0 % p. a. vychází NPV 50 000 Kč.;Model používá stejný čistý roční přínos po dobu 5 let, nulovou zůstatkovou hodnotu, nulové dodatečné investice a nezahrnuje financování, daně ani rizikové pravděpodobnosti.
250000;5;60000;300000.00;50000.00;20.0000;4.00;267109.34;17109.34;ano;Projekt vrátí nominálně 300 000 Kč za 5 let  tedy ROI 20.0 %. Při požadované výnosnosti 4 % p. a. vychází NPV 17 109 Kč.;Model používá stejný čistý roční přínos po dobu 5 let, nulovou zůstatkovou hodnotu, nulové dodatečné investice a nezahrnuje financování, daně ani rizikové pravděpodobnosti.
250000;5;60000;300000.00;50000.00;20.0000;8.00;239562.60;-10437.40;ne;Projekt vrátí nominálně 300 000 Kč za 5 let  tedy ROI 20.0 %. Při požadované výnosnosti 8 % p. a. vychází NPV -10 437 Kč.;Model používá stejný čistý roční přínos po dobu 5 let, nulovou zůstatkovou hodnotu, nulové dodatečné investice a nezahrnuje financování, daně ani rizikové pravděpodobnosti.
250000;5;60000;300000.00;50000.00;20.0000;12.00;216286.57;-33713.43;ne;Projekt vrátí nominálně 300 000 Kč za 5 let  tedy ROI 20.0 %. Při požadované výnosnosti 12 % p. a. vychází NPV -33 713 Kč.;Model používá stejný čistý roční přínos po dobu 5 let, nulovou zůstatkovou hodnotu, nulové dodatečné investice a nezahrnuje financování, daně ani rizikové pravděpodobnosti.
250000;5;60000;300000.00;50000.00;20.0000;16.00;196457.62;-53542.38;ne;Projekt vrátí nominálně 300 000 Kč za 5 let  tedy ROI 20.0 %. Při požadované výnosnosti 16 % p. a. vychází NPV -53 542 Kč.;Model používá stejný čistý roční přínos po dobu 5 let, nulovou zůstatkovou hodnotu, nulové dodatečné investice a nezahrnuje financování, daně ani rizikové pravděpodobnosti.
250000;5;70000;350000.00;100000.00;40.0000;0.00;350000.00;100000.00;ano;Projekt vrátí nominálně 350 000 Kč za 5 let  tedy ROI 40.0 %. Při požadované výnosnosti 0 % p. a. vychází NPV 100 000 Kč.;Model používá stejný čistý roční přínos po dobu 5 let, nulovou zůstatkovou hodnotu, nulové dodatečné investice a nezahrnuje financování, daně ani rizikové pravděpodobnosti.
250000;5;70000;350000.00;100000.00;40.0000;4.00;311627.56;61627.56;ano;Projekt vrátí nominálně 350 000 Kč za 5 let  tedy ROI 40.0 %. Při požadované výnosnosti 4 % p. a. vychází NPV 61 628 Kč.;Model používá stejný čistý roční přínos po dobu 5 let, nulovou zůstatkovou hodnotu, nulové dodatečné investice a nezahrnuje financování, daně ani rizikové pravděpodobnosti.
250000;5;70000;350000.00;100000.00;40.0000;8.00;279489.70;29489.70;ano;Projekt vrátí nominálně 350 000 Kč za 5 let  tedy ROI 40.0 %. Při požadované výnosnosti 8 % p. a. vychází NPV 29 490 Kč.;Model používá stejný čistý roční přínos po dobu 5 let, nulovou zůstatkovou hodnotu, nulové dodatečné investice a nezahrnuje financování, daně ani rizikové pravděpodobnosti.
250000;5;70000;350000.00;100000.00;40.0000;12.00;252334.33;2334.33;ano;Projekt vrátí nominálně 350 000 Kč za 5 let  tedy ROI 40.0 %. Při požadované výnosnosti 12 % p. a. vychází NPV 2 334 Kč.;Model používá stejný čistý roční přínos po dobu 5 let, nulovou zůstatkovou hodnotu, nulové dodatečné investice a nezahrnuje financování, daně ani rizikové pravděpodobnosti.
250000;5;70000;350000.00;100000.00;40.0000;16.00;229200.56;-20799.44;ne;Projekt vrátí nominálně 350 000 Kč za 5 let  tedy ROI 40.0 %. Při požadované výnosnosti 16 % p. a. vychází NPV -20 799 Kč.;Model používá stejný čistý roční přínos po dobu 5 let, nulovou zůstatkovou hodnotu, nulové dodatečné investice a nezahrnuje financování, daně ani rizikové pravděpodobnosti.
250000;5;80000;400000.00;150000.00;60.0000;0.00;400000.00;150000.00;ano;Projekt vrátí nominálně 400 000 Kč za 5 let  tedy ROI 60.0 %. Při požadované výnosnosti 0 % p. a. vychází NPV 150 000 Kč.;Model používá stejný čistý roční přínos po dobu 5 let, nulovou zůstatkovou hodnotu, nulové dodatečné investice a nezahrnuje financování, daně ani rizikové pravděpodobnosti.
250000;5;80000;400000.00;150000.00;60.0000;4.00;356145.79;106145.79;ano;Projekt vrátí nominálně 400 000 Kč za 5 let  tedy ROI 60.0 %. Při požadované výnosnosti 4 % p. a. vychází NPV 106 146 Kč.;Model používá stejný čistý roční přínos po dobu 5 let, nulovou zůstatkovou hodnotu, nulové dodatečné investice a nezahrnuje financování, daně ani rizikové pravděpodobnosti.
250000;5;80000;400000.00;150000.00;60.0000;8.00;319416.80;69416.80;ano;Projekt vrátí nominálně 400 000 Kč za 5 let  tedy ROI 60.0 %. Při požadované výnosnosti 8 % p. a. vychází NPV 69 417 Kč.;Model používá stejný čistý roční přínos po dobu 5 let, nulovou zůstatkovou hodnotu, nulové dodatečné investice a nezahrnuje financování, daně ani rizikové pravděpodobnosti.
250000;5;80000;400000.00;150000.00;60.0000;12.00;288382.10;38382.10;ano;Projekt vrátí nominálně 400 000 Kč za 5 let  tedy ROI 60.0 %. Při požadované výnosnosti 12 % p. a. vychází NPV 38 382 Kč.;Model používá stejný čistý roční přínos po dobu 5 let, nulovou zůstatkovou hodnotu, nulové dodatečné investice a nezahrnuje financování, daně ani rizikové pravděpodobnosti.
250000;5;80000;400000.00;150000.00;60.0000;16.00;261943.49;11943.49;ano;Projekt vrátí nominálně 400 000 Kč za 5 let  tedy ROI 60.0 %. Při požadované výnosnosti 16 % p. a. vychází NPV 11 943 Kč.;Model používá stejný čistý roční přínos po dobu 5 let, nulovou zůstatkovou hodnotu, nulové dodatečné investice a nezahrnuje financování, daně ani rizikové pravděpodobnosti.
250000;5;90000;450000.00;200000.00;80.0000;0.00;450000.00;200000.00;ano;Projekt vrátí nominálně 450 000 Kč za 5 let  tedy ROI 80.0 %. Při požadované výnosnosti 0 % p. a. vychází NPV 200 000 Kč.;Model používá stejný čistý roční přínos po dobu 5 let, nulovou zůstatkovou hodnotu, nulové dodatečné investice a nezahrnuje financování, daně ani rizikové pravděpodobnosti.
250000;5;90000;450000.00;200000.00;80.0000;4.00;400664.01;150664.01;ano;Projekt vrátí nominálně 450 000 Kč za 5 let  tedy ROI 80.0 %. Při požadované výnosnosti 4 % p. a. vychází NPV 150 664 Kč.;Model používá stejný čistý roční přínos po dobu 5 let, nulovou zůstatkovou hodnotu, nulové dodatečné investice a nezahrnuje financování, daně ani rizikové pravděpodobnosti.
250000;5;90000;450000.00;200000.00;80.0000;8.00;359343.90;109343.90;ano;Projekt vrátí nominálně 450 000 Kč za 5 let  tedy ROI 80.0 %. Při požadované výnosnosti 8 % p. a. vychází NPV 109 344 Kč.;Model používá stejný čistý roční přínos po dobu 5 let, nulovou zůstatkovou hodnotu, nulové dodatečné investice a nezahrnuje financování, daně ani rizikové pravděpodobnosti.
250000;5;90000;450000.00;200000.00;80.0000;12.00;324429.86;74429.86;ano;Projekt vrátí nominálně 450 000 Kč za 5 let  tedy ROI 80.0 %. Při požadované výnosnosti 12 % p. a. vychází NPV 74 430 Kč.;Model používá stejný čistý roční přínos po dobu 5 let, nulovou zůstatkovou hodnotu, nulové dodatečné investice a nezahrnuje financování, daně ani rizikové pravděpodobnosti.
250000;5;90000;450000.00;200000.00;80.0000;16.00;294686.43;44686.43;ano;Projekt vrátí nominálně 450 000 Kč za 5 let  tedy ROI 80.0 %. Při požadované výnosnosti 16 % p. a. vychází NPV 44 686 Kč.;Model používá stejný čistý roční přínos po dobu 5 let, nulovou zůstatkovou hodnotu, nulové dodatečné investice a nezahrnuje financování, daně ani rizikové pravděpodobnosti.
